Year,iso3,Country,Refugees,Total_Fatalities,Civilian_Fatalities,GDP_per_capita,Dist_km,crescita_pil,inflazione,periodo
2010,AUT,Austria,282,NA,NA,46611.1393420232,1052.484,1.80898243043663,1.81353438995061,NA
2011,AUT,Austria,308,NA,NA,51116.8953522042,1052.484,2.92746800169145,3.2865791487538,NA
2012,AUT,Austria,309,NA,NA,48250.4059142637,1052.484,0.628246239479637,2.48567562177014,NA
2013,AUT,Austria,311,NA,NA,50305.3545774973,1052.484,-0.250726423318454,2.00015616900597,NA
2014,AUT,Austria,300,NA,NA,51314.9722616322,1052.484,0.755798850316665,1.60581182954473,Pre-guerra
2015,AUT,Austria,287,NA,NA,43915.228020857,1052.484,1.30352331826198,0.896563335260319,Pre-guerra
2016,AUT,Austria,301,NA,NA,45061.4993920192,1052.484,2.11721964494312,0.891591752655362,Pre-guerra
2017,AUT,Austria,292,NA,NA,47163.7425775142,1052.484,2.27224992038207,2.08126911385586,Pre-guerra
2018,AUT,Austria,282,883,62,51194.0749841299,1052.484,2.48422114080024,1.99837981429548,Pre-guerra
2019,AUT,Austria,265,392,54,49885.9947355204,1052.484,1.75497619649288,1.53089564152643,Pre-guerra
2020,AUT,Austria,251,121,20,48716.4098900349,1052.484,-6.31825509209936,1.38191063351853,Pre-guerra
2021,AUT,Austria,253,149,10,53648.6437976214,1052.484,4.92309171717903,2.7666666666667,Pre-guerra
2022,AUT,Austria,89862,40081,5806,52336.7725223758,1052.484,5.33096379400371,8.54686993188457,Post-guerra
2023,AUT,Austria,83748,39596,2004,56579.504175468,1052.484,-0.786244288594673,7.81413417002831,Post-guerra
2024,AUT,Austria,84987,69872,2184,58268.8787651601,1052.484,-0.659089573171372,2.93791574279375,Post-guerra
2025,AUT,Austria,84785,76864,2587,NA,1052.484,NA,NA,NA
2010,BEL,Belgium,86,NA,NA,44197.393671162,1837.307,2.71031150254662,2.18929920422458,NA
2011,BEL,Belgium,84,NA,NA,47760.8298776546,1837.307,1.93115502411325,3.5320821072274,NA
2012,BEL,Belgium,85,NA,NA,44874.1709182123,1837.307,0.215803612089744,2.83966343445899,NA
2013,BEL,Belgium,33,NA,NA,46964.5946777056,1837.307,0.305494549070232,1.11309594027539,NA
2014,BEL,Belgium,33,NA,NA,47995.7786961339,1837.307,1.76554038149924,0.340002833356921,Pre-guerra
2015,BEL,Belgium,122,NA,NA,40893.804537772,1837.307,1.47416433731927,0.561429152790157,Pre-guerra
2016,BEL,Belgium,166,NA,NA,41854.5498296444,1837.307,1.19350273007754,1.97385264653162,Pre-guerra
2017,BEL,Belgium,166,NA,NA,44035.3239358548,1837.307,1.47446761556785,2.12597086002616,Pre-guerra
2018,BEL,Belgium,166,883,62,47487.2100392561,1837.307,1.87796847383565,2.05316499865177,Pre-guerra
2019,BEL,Belgium,254,392,54,46716.6227467964,1837.307,2.4428900448156,1.43681956996438,Pre-guerra
2020,BEL,Belgium,254,121,20,45906.2875805246,1837.307,-4.7929839083518,0.740791812220343,Pre-guerra
2021,BEL,Belgium,289,149,10,51658.238294958,1837.307,6.25445686466593,2.44024851144084,Pre-guerra
2022,BEL,Belgium,61975,40081,5806,50605.7496677086,1837.307,3.9562379757933,9.597511728725,Post-guerra
2023,BEL,Belgium,75260,39596,2004,55291.4754541329,1837.307,1.71412195515242,4.04901077613941,Post-guerra
2024,BEL,Belgium,85635,69872,2184,56614.5679499036,1837.307,1.07045413019414,3.14349136500041,Post-guerra
2025,BEL,Belgium,89072,76864,2587,NA,1837.307,NA,NA,NA
2010,BGR,Bulgaria,0,NA,NA,6853.94805511171,1022.553,1.55535979911015,2.43899060504117,NA
2011,BGR,NA,NA,NA,NA,NA,NA,2.09017507758604,4.21990346601872,NA
2012,BGR,NA,NA,NA,NA,NA,NA,0.748815411928831,2.95456829831012,NA
2013,BGR,NA,NA,NA,NA,NA,NA,-0.542751388861134,0.890093540913096,NA
2014,BGR,Bulgaria,0,NA,NA,8069.60005667684,1022.553,0.949449090947894,-1.41818380264839,Pre-guerra
2015,BGR,Bulgaria,0,NA,NA,7268.65445473873,1022.553,3.39755336780412,-0.104633261008479,Pre-guerra
2016,BGR,Bulgaria,0,NA,NA,7822.49923292968,1022.553,3.02662841229517,-0.798649886453617,Pre-guerra
2017,BGR,Bulgaria,0,NA,NA,8696.68930427924,1022.553,2.74592676054861,2.06159619443141,Pre-guerra
2018,BGR,Bulgaria,0,883,62,9849.38397225174,1022.553,2.33015213407045,2.81454473824838,Pre-guerra
2019,BGR,Bulgaria,0,392,54,10353.7204584127,1022.553,3.79331765354152,3.10372944796771,Pre-guerra
2020,BGR,Bulgaria,0,121,20,10760.211975413,1022.553,-3.13323303076419,1.67244096855756,Pre-guerra
2021,BGR,Bulgaria,0,149,10,12966.1457543396,1022.553,7.82817232822165,3.29774435299506,Pre-guerra
2022,BGR,Bulgaria,149215,40081,5806,13999.1949530956,1022.553,4.0838640915123,15.3252589264367,Post-guerra
2023,BGR,Bulgaria,68276,39596,2004,15853.208636704,1022.553,1.68151074972904,9.44284140088564,Post-guerra
2024,BGR,Bulgaria,74322,69872,2184,17596.017366352102,1022.553,3.38709063847314,2.44651943006078,Post-guerra
2025,BGR,Bulgaria,67875,76864,2587,NA,1022.553,NA,NA,NA
2010,CHE,Switzerland,29,NA,NA,76531.3729407691,1730.779,3.24339715656356,0.688238707219974,NA
2011,CHE,Switzerland,26,NA,NA,90476.7589651577,1730.779,1.81310830459596,0.2313492076509,NA
2012,CHE,Switzerland,16,NA,NA,85836.2076767359,1730.779,1.17925385250513,-0.692552018105163,NA
2013,CHE,Switzerland,19,NA,NA,87304.3305813557,1730.779,1.79214400716117,-0.217323155115672,NA
2014,CHE,Switzerland,17,NA,NA,88724.9909402638,1730.779,2.34988141500179,-0.0132025387515945,Pre-guerra
2015,CHE,Switzerland,16,NA,NA,83806.4476003837,1730.779,1.64462750849488,-1.14390867228178,Pre-guerra
2016,CHE,Switzerland,35,NA,NA,82153.0745447889,1730.779,2.06868969039562,-0.434618664285814,Pre-guerra
2017,CHE,Switzerland,42,NA,NA,82254.3769269767,1730.779,1.36279965488859,0.533787839825876,Pre-guerra
2018,CHE,Switzerland,56,883,62,85217.3691512274,1730.779,2.86044579439036,0.936335464113572,Pre-guerra
2019,CHE,Switzerland,65,392,54,84121.9310304414,1730.779,1.14198218965691,0.362886179940674,Pre-guerra
2020,CHE,Switzerland,80,121,20,85897.7843338323,1730.779,-2.14173712008038,-0.725874933313402,Pre-guerra
2021,CHE,Switzerland,91,149,10,93664.7736696111,1730.779,5.55962020605844,0.581814168489855,Pre-guerra
2022,CHE,Switzerland,60162,40081,5806,94394.5106803525,1730.779,3.04406102969423,2.83502798644451,Post-guerra
2023,CHE,Switzerland,66419,39596,2004,100623.549627296,1730.779,0.683328174376044,2.13540088016386,Post-guerra
2024,CHE,Switzerland,66894,69872,2184,103998.186685604,1730.779,1.30233332541106,1.06234041976594,Post-guerra
2025,CHE,Switzerland,67906,76864,2587,NA,1730.779,NA,NA,NA
2010,CYP,Cyprus,28,NA,NA,31105.02734375,1714.705,2.28267100119788,2.43004084102254,NA
2011,CYP,Cyprus,28,NA,NA,32485.798828125,1714.705,0.416711868408683,3.28944939564211,NA
2012,CYP,Cyprus,28,NA,NA,28991.935546875,1714.705,-3.44738151374587,2.38905410042316,NA
2013,CYP,Cyprus,28,NA,NA,27764.73046875,1714.705,-6.58747751118347,-0.399357676464425,NA
2014,CYP,Cyprus,29,NA,NA,26993.103515625,1714.705,-1.77605867728616,-1.35498885446314,Pre-guerra
2015,CYP,Cyprus,29,NA,NA,23088.44140625,1714.705,3.41892038889013,-2.0969976905311,Pre-guerra
2016,CYP,Cyprus,29,NA,NA,24280.056640625,1714.705,6.57359080924678,-1.42916666666665,Pre-guerra
2017,CYP,Cyprus,30,NA,NA,26247.44921875,1714.705,5.75083236554525,0.531766496174467,Pre-guerra
2018,CYP,Cyprus,30,883,62,29120.375,1714.705,6.27166360056404,1.43549119531759,Pre-guerra
2019,CYP,Cyprus,30,392,54,29227.173828125,1714.705,5.87559583386607,0.250370996758493,Pre-guerra
2020,CYP,Cyprus,30,121,20,28130.341796875,1714.705,-3.22063018637567,-0.638422797978958,Pre-guerra
2021,CYP,Cyprus,31,149,10,32937.83984375,1714.705,11.3975590801512,2.44608867175474,Pre-guerra
2022,CYP,Cyprus,12472,40081,5806,33231.04296875,1714.705,8.27372597293814,8.39548297993334,Post-guerra
2023,CYP,Cyprus,19019,39596,2004,36623.69140625,1714.705,3.61945644636856,3.54134188751663,Post-guerra
2024,CYP,Cyprus,21875,69872,2184,38674.29296875,1714.705,3.94077381708404,1.80023018624815,Post-guerra
2025,CYP,Cyprus,23853,76864,2587,NA,1714.705,NA,NA,NA
2010,CZE,Czechia,94,NA,NA,20160.4355077059,1141.565,2.71466509907701,1.47272727272728,NA
2011,CZE,Czechia,94,NA,NA,22049.1080788682,1141.565,1.77238085338473,1.9172191363555,NA
2012,CZE,Czechia,105,NA,NA,20014.0354015165,1141.565,-0.770668190622743,3.28762306610411,NA
2013,CZE,Czechia,110,NA,NA,20260.4954999375,1141.565,-0.0418124160447491,1.4382978723404,NA
2014,CZE,Czechia,292,NA,NA,20038.4163180257,1141.565,2.24521219862635,0.343988589646793,Pre-guerra
2015,CZE,Czechia,444,NA,NA,17931.5987670768,1141.565,4.95875848915604,0.309364548494975,Pre-guerra
2016,CZE,Czechia,444,NA,NA,18753.9686718096,1141.565,2.58087013921376,0.683504209385702,Pre-guerra
2017,CZE,Czechia,444,NA,NA,20913.197632212,1141.565,5.17356529967881,2.4505339846014,Pre-guerra
2018,CZE,Czechia,318,883,62,23705.9329811299,1141.565,2.83030588267866,2.14949494949492,Pre-guerra
2019,CZE,Czechia,305,392,54,24062.7190013343,1141.565,3.56577658128261,2.84787595918041,Pre-guerra
2020,CZE,Czechia,284,121,20,23472.8915454417,1141.565,-5.30487955463876,3.1612952849781,Pre-guerra
2021,CZE,Czechia,225,149,10,27696.4619527544,1141.565,4.02901832055149,3.83984491500146,Pre-guerra
2022,CZE,Czechia,433501,40081,5806,28282.2236715857,1141.565,2.8471706583814,15.100165146837,Post-guerra
2023,CZE,Czechia,374247,39596,2004,31761.5944102491,1141.565,0.0475803308973752,10.6612601372427,Post-guerra
2024,CZE,Czechia,388388,69872,2184,31823.3078290564,1141.565,1.23308611983484,2.43531202435314,Post-guerra
2025,CZE,Czechia,378251,76864,2587,NA,1141.565,NA,NA,NA
2010,DEU,Germany,19398,NA,NA,42396.9665976293,1204.434,4.13463778522758,1.1038103778926,NA
2011,DEU,Germany,19922,NA,NA,47630.9761883572,1204.434,3.75796884489337,2.07517283735874,NA
2012,DEU,Germany,20059,NA,NA,44718.0159214069,1204.434,0.463512036709204,2.00848884782956,NA
2013,DEU,Germany,261,NA,NA,47206.8353514242,1204.434,0.396995583779145,1.50472330251876,NA
2014,DEU,Germany,299,NA,NA,48959.5991203133,1204.434,2.18018602168017,0.906794000434245,Pre-guerra
2015,DEU,Germany,320,NA,NA,41929.7549110722,1204.434,1.66300602334775,0.514426137125456,Pre-guerra
2016,DEU,Germany,355,NA,NA,42948.9381932694,1204.434,2.22222216259371,0.491747008445174,Pre-guerra
2017,DEU,Germany,631,NA,NA,45553.9341495339,1204.434,2.797906720551,1.50949485109628,Pre-guerra
2018,DEU,Germany,741,883,62,48916.1686612154,1204.434,1.13569604599849,1.73216879766941,Pre-guerra
2019,DEU,Germany,847,392,54,47656.199739747,1204.434,0.977734697038784,1.44565976888253,Pre-guerra
2020,DEU,Germany,895,121,20,47394.8734504469,1204.434,-4.13191443239947,0.144877925813981,Pre-guerra
2021,DEU,Germany,918,149,10,52349.2459994422,1204.434,3.90999994204108,3.06666666666673,Pre-guerra
2022,DEU,Germany,1002999,40081,5806,50506.5179638543,1204.434,1.8092581243061,6.87257438551096,Post-guerra
2023,DEU,Germany,1097503,39596,2004,54776.7668235491,1204.434,-0.869647578573321,5.94643667725823,Post-guerra
2024,DEU,Germany,1205729,69872,2184,56103.7323182554,1204.434,-0.495851897260366,2.2564981433876,Post-guerra
2025,DEU,Germany,1193063,76864,2587,NA,1204.434,NA,NA,NA
2010,DNK,Denmark,19,NA,NA,58104.5445594981,1328.55,1.58289703108802,2.31092436974786,NA
2011,DNK,Denmark,10,NA,NA,61809.737898222,1328.55,1.3108037609606,2.7586822605125,NA
2012,DNK,Denmark,9,NA,NA,58443.7747103968,1328.55,-0.00543230161670749,2.3979148566464,NA
2013,DNK,Denmark,16,NA,NA,61377.5940590412,1328.55,1.39267343161971,0.789071780078062,NA
2014,DNK,Denmark,12,NA,NA,62520.4509747011,1328.55,1.27799983192831,0.56402054044954,Pre-guerra
2015,DNK,Denmark,15,NA,NA,53094.0133607574,1328.55,2.10441456445301,0.452034153691574,Pre-guerra
2016,DNK,Denmark,25,NA,NA,54500.9260410217,1328.55,3.07304549209093,0.250000000000031,Pre-guerra
2017,DNK,Denmark,26,NA,NA,57521.5514992225,1328.55,3.05647723922718,1.14713216957601,Pre-guerra
2018,DNK,Denmark,27,883,62,61324.7665045565,1328.55,1.8600074900921,0.813609467455631,Pre-guerra
2019,DNK,Denmark,28,392,54,59404.2663247723,1328.55,1.71140093932736,0.75813157251162,Pre-guerra
2020,DNK,Denmark,29,121,20,60985.4885601514,1328.55,-1.78010601831291,0.420711974110024,Pre-guerra
2021,DNK,Denmark,29,149,10,69340.7334922138,1328.55,6.50025445756295,1.85304543989689,Pre-guerra
2022,DNK,Denmark,32839,40081,5806,67781.0940939514,1328.55,0.443832614908331,7.69656699889259,Post-guerra
2023,DNK,Denmark,35940,39596,2004,68043.5466971243,1328.55,0.604587766175584,3.30517811237605,Post-guerra
2024,DNK,Denmark,36058,69872,2184,71026.4832271897,1328.55,3.47783593140312,1.37220049768925,Post-guerra
2025,DNK,Denmark,39279,76864,2587,NA,1328.55,NA,NA,NA
2010,ESP,Spain,25,NA,NA,30658.7422282912,2863.877,0.0941223116369514,1.79986457728768,NA
2011,ESP,Spain,18,NA,NA,31824.6219134777,2863.877,-0.639920636520344,3.1961018883379,NA
2012,ESP,Spain,10,NA,NA,28456.4438151477,2863.877,-2.86511368637748,2.44612782366808,NA
2013,ESP,Spain,6,NA,NA,29228.846559842,2863.877,-1.42732224757626,1.40858109183018,NA
2014,ESP,Spain,5,NA,NA,29707.765509467,2863.877,1.52048593647231,-0.151114837527234,Pre-guerra
2015,ESP,NA,NA,NA,NA,NA,NA,4.06086672473866,-0.500365709903242,Pre-guerra
2016,ESP,Spain,68,NA,NA,26755.6061149398,2863.877,2.91515598595787,-0.202598000426452,Pre-guerra
2017,ESP,Spain,368,NA,NA,28381.3425596906,2863.877,2.89604207865007,1.95607633363963,Pre-guerra
2018,ESP,Spain,562,883,62,30602.4212881113,2863.877,2.39541124478878,1.6749813686379,Pre-guerra
2019,ESP,Spain,631,392,54,29786.5245689007,2863.877,1.96117850841711,0.699518994458738,Pre-guerra
2020,ESP,Spain,922,121,20,27233.942646160802,2863.877,-10.9400706350371,-0.322753017299739,Pre-guerra
2021,ESP,Spain,1515,149,10,30799.4775937775,2863.877,6.68314420473001,3.09313511976419,Pre-guerra
2022,ESP,Spain,159194,40081,5806,30319.4987196616,2863.877,6.37031712129601,8.39057634118626,Post-guerra
2023,ESP,Spain,191327,39596,2004,33493.2225409111,2863.877,2.46085796805582,3.53236133492432,Post-guerra
2024,ESP,Spain,222544,69872,2184,35326.7683069278,2863.877,3.45525405630191,2.77417826534772,Post-guerra
2025,ESP,Spain,237005,76864,2587,NA,2863.877,NA,NA,NA
2010,EST,NA,NA,NA,NA,NA,NA,2.4497502063999,2.97204512015693,NA
2011,EST,NA,NA,NA,NA,NA,NA,7.60697458913162,4.9819013145361,NA
2012,EST,NA,NA,NA,NA,NA,NA,3.67201872506541,3.93339987296985,NA
2013,EST,NA,NA,NA,NA,NA,NA,1.75649379621869,2.78056658954987,NA
2014,EST,Estonia,0,NA,NA,20581.7898991695,1066.134,3.32278988182702,-0.106175146521709,Pre-guerra
2015,EST,Estonia,59,NA,NA,17722.1557669523,1066.134,1.83815262882932,-0.49232600654737,Pre-guerra
2016,EST,Estonia,80,NA,NA,18666.3736521706,1066.134,3.09301920751959,0.148684907627372,Pre-guerra
2017,EST,Estonia,88,NA,NA,20851.5223496861,1066.134,5.63467248963991,3.41723549488054,Pre-guerra
2018,EST,Estonia,64,883,62,23618.1361254581,1066.134,3.69969756161726,3.43632688420446,Pre-guerra
2019,EST,Estonia,62,392,54,24021.2501413306,1066.134,3.72664943466884,2.27725931243522,Pre-guerra
2020,EST,Estonia,29,121,20,23933.9939421065,1066.134,-2.88380751483778,-0.444531097679829,Pre-guerra
2021,EST,Estonia,28,149,10,27951.1659277744,1066.134,8.25488044580031,4.65316673847472,Pre-guerra
2022,EST,Estonia,40298,40081,5806,28340.3826549406,1066.134,-1.22616966587796,19.3982634080616,Post-guerra
2023,EST,Estonia,41463,39596,2004,30264.0064885057,1066.134,-2.74421914571231,9.15922507983982,Post-guerra
2024,EST,Estonia,41729,69872,2184,31428.3547816104,1066.134,-0.0900428648493801,3.5194118998392,Post-guerra
2025,EST,Estonia,40901,76864,2587,NA,1066.134,NA,NA,NA
2010,FIN,Finland,15,NA,NA,46506.2919016566,1135.325,3.1682879121621,1.18413523154646,NA
2011,FIN,Finland,11,NA,NA,51060.3242589767,1135.325,2.39039455396828,3.41680754255211,NA
2012,FIN,Finland,8,NA,NA,47551.6740841369,1135.325,-1.52284013040689,2.80833622561573,NA
2013,FIN,Finland,5,NA,NA,49691.0145200739,1135.325,-0.979741024949618,1.47828615688809,NA
2014,FIN,Finland,9,NA,NA,50073.7760815871,1135.325,-0.4780684247837,1.04119621178439,Pre-guerra
2015,FIN,Finland,10,NA,NA,42560.3456767103,1135.325,0.466503766322674,-0.207928839905268,Pre-guerra
2016,FIN,Finland,10,NA,NA,43451.2562442158,1135.325,2.57193414898754,0.356684500891695,Pre-guerra
2017,FIN,Finland,10,NA,NA,46085.0174739036,1135.325,3.30337003591039,0.754015047084346,Pre-guerra
2018,FIN,Finland,8,883,62,49654.2497035329,1135.325,1.19297759742292,1.08382098409305,Pre-guerra
2019,FIN,Finland,11,392,54,48358.1807773701,1135.325,1.34973845741737,1.0240939296343,Pre-guerra
2020,FIN,Finland,11,121,20,48828.6846862799,1135.325,-2.49103605535707,0.290554555653239,Pre-guerra
2021,FIN,Finland,11,149,10,53099.1351400148,1135.325,2.67634641498897,2.19457432340007,Pre-guerra
2022,FIN,Finland,44953,40081,5806,50440.560224974,1135.325,0.763041912763526,7.12350773301402,Post-guerra
2023,FIN,Finland,63503,39596,2004,52834.2916752703,1135.325,-0.939093459613758,6.25064322154762,Post-guerra
2024,FIN,Finland,68589,69872,2184,53149.7671934051,1135.325,0.416171964862073,1.56568906231615,Post-guerra
2025,FIN,Finland,72247,76864,2587,NA,1135.325,NA,NA,NA
2010,FRA,France,712,NA,NA,40694.8211697025,2025.144,2.00032476039051,1.53112270420918,NA
2011,FRA,France,716,NA,NA,43929.7840873812,2025.144,2.43757653729007,2.11159795175,NA
2012,FRA,France,719,NA,NA,40863.5814412333,2025.144,0.183835264973013,1.95419531613509,NA
2013,FRA,France,732,NA,NA,42669.1795111893,2025.144,0.781756446231,0.863715497861804,NA
2014,FRA,France,737,NA,NA,43148.0459288416,2025.144,0.997832947295251,0.507758822937989,Pre-guerra
2015,FRA,France,1038,NA,NA,36702.4323733379,2025.144,1.06675474783462,0.0375143805125181,Pre-guerra
2016,FRA,France,1382,NA,NA,37024.2157133669,2025.144,0.860031075424033,0.183334861123764,Pre-guerra
2017,FRA,France,1605,NA,NA,38687.1626407164,2025.144,2.08361485997399,1.03228275064681,Pre-guerra
2018,FRA,France,1715,883,62,41418.1766484844,2025.144,1.64590872395887,1.85081508315492,Pre-guerra
2019,FRA,France,1839,392,54,40408.2848574751,2025.144,2.02744646419237,1.10825492288293,Pre-guerra
2020,FRA,France,1921,121,20,39169.8606000707,2025.144,-7.44064589948231,0.476498852725065,Pre-guerra
2021,FRA,France,2801,149,10,43725.0999521245,2025.144,6.88233783360239,1.64233141038393,Pre-guerra
2022,FRA,France,69302,40081,5806,40988.6396406579,2025.144,2.71676264185913,5.22236748369725,Post-guerra
2023,FRA,France,68181,39596,2004,44700.1384177544,2025.144,1.43921494437743,4.8783572650844,Post-guerra
2024,FRA,France,68929,69872,2184,46103.0840855884,2025.144,1.19046798275883,1.99904942291462,Post-guerra
2025,FRA,France,70260,76864,2587,NA,2025.144,NA,NA,NA
2010,GBR,United Kingdom of Great Britain and Northern Ireland,284,NA,NA,39778.3220528565,2137.511,2.26054460931586,2.49265472467065,NA
2011,GBR,United Kingdom of Great Britain and Northern Ireland,252,NA,NA,42295.9273835322,2137.511,0.851437739020326,3.8561124468282,NA
2012,GBR,United Kingdom of Great Britain and Northern Ireland,192,NA,NA,42688.3263728372,2137.511,1.52826034721852,2.5732347965453,NA
2013,GBR,United Kingdom of Great Britain and Northern Ireland,124,NA,NA,43606.9837896348,2137.511,1.71846961308464,2.29166666666659,NA
2014,GBR,United Kingdom of Great Britain and Northern Ireland,85,NA,NA,47746.2421759562,2137.511,3.16017351468152,1.45112016293279,Pre-guerra
2015,GBR,United Kingdom of Great Britain and Northern Ireland,85,NA,NA,45255.3449216209,2137.511,2.14040560033371,0.36804684232536,Pre-guerra
2016,GBR,United Kingdom of Great Britain and Northern Ireland,90,NA,NA,41257.9085545556,2137.511,2.20652020635357,1.0084173681141,Pre-guerra
2017,GBR,United Kingdom of Great Britain and Northern Ireland,110,NA,NA,40916.8115070354,2137.511,3.02322219840339,2.55775577557747,Pre-guerra
2018,GBR,United Kingdom of Great Britain and Northern Ireland,144,883,62,43702.9976303165,2137.511,1.55133095078786,2.29283990345938,Pre-guerra
2019,GBR,United Kingdom of Great Britain and Northern Ireland,185,392,54,43158.7411267323,2137.511,1.25629899760824,1.73810460086513,Pre-guerra
2020,GBR,United Kingdom of Great Britain and Northern Ireland,208,121,20,40812.6794663879,2137.511,-10.047896637362,0.989486703772491,Pre-guerra
2021,GBR,United Kingdom of Great Britain and Northern Ireland,225,149,10,47691.3768799404,2137.511,8.5431118453255,2.51837109614213,Pre-guerra
2022,GBR,United Kingdom of Great Britain and Northern Ireland,182423,40081,5806,47057.043229179,2137.511,5.14970388522993,7.92204883147902,Post-guerra
2023,GBR,United Kingdom of Great Britain and Northern Ireland,225497,39596,2004,49944.4702124201,2137.511,0.271650048355255,6.79396706793963,Post-guerra
2024,GBR,United Kingdom of Great Britain and Northern Ireland,255141,69872,2184,53246.3676145108,2137.511,1.1264226705118,3.2715729463592,Post-guerra
2025,GBR,United Kingdom of Great Britain and Northern Ireland,262436,76864,2587,NA,2137.511,NA,NA,NA
2010,GRC,Greece,5,NA,NA,26653.0488008626,1482.129,-5.6937412158003,4.71298907760395,NA
2011,GRC,Greece,5,NA,NA,25504.7866510124,1482.129,-9.87677875300243,3.3298532335065,NA
2012,GRC,Greece,5,NA,NA,21624.346052551,1482.129,-8.33113421099992,1.50152696177758,NA
2013,GRC,Greece,6,NA,NA,21573.3449762805,1482.129,-2.27211699888024,-0.921269454256899,NA
2014,GRC,Greece,10,NA,NA,21474.7257123892,1482.129,0.792225060962835,-1.31226096405525,Pre-guerra
2015,GRC,Greece,85,NA,NA,17980.7298238137,1482.129,-0.228301892172851,-1.73588804765275,Pre-guerra
2016,GRC,Greece,112,NA,NA,17919.2426377048,1482.129,-0.0317947678412054,-0.825653978391033,Pre-guerra
2017,GRC,Greece,134,NA,NA,18631.9930129293,1482.129,1.47312472702352,1.12125452031425,Pre-guerra
2018,GRC,Greece,145,883,62,19873.4015238771,1482.129,2.06467207892409,0.62562141345364,Pre-guerra
2019,GRC,Greece,151,392,54,19335.3602002969,1482.129,2.27718065334808,0.253007522038059,Pre-guerra
2020,GRC,Greece,158,121,20,17886.733165236,1482.129,-9.19623149726978,-1.24798355581405,Pre-guerra
2021,GRC,Greece,169,149,10,20654.7001960815,1482.129,8.65449786002131,1.22382501019854,Pre-guerra
2022,GRC,Greece,21827,40081,5806,20886.5243087629,1482.129,5.52198580589408,9.64525981280642,Post-guerra
2023,GRC,Greece,27043,39596,2004,23343.7103964562,1482.129,2.13591131996631,3.46480128513405,Post-guerra
2024,GRC,Greece,32830,69872,2184,24626.1481858973,1482.129,2.0865743380603,2.74101875679477,Post-guerra
2025,GRC,Greece,36268,76864,2587,NA,1482.129,NA,NA,NA
2010,HRV,NA,NA,NA,NA,NA,NA,-1.33604672354973,1.03055505333574,NA
2011,HRV,Croatia,0,NA,NA,14691.558296292,1193.37,-0.110906722446629,2.2727272727273,NA
2012,HRV,Croatia,5,NA,NA,13507.7805260991,1193.37,-2.23743360119771,3.41207349081358,NA
2013,HRV,Croatia,5,NA,NA,14134.9474982889,1193.37,-0.13364573653061,2.21658206429779,NA
2014,HRV,Croatia,5,NA,NA,14186.7295493276,1193.37,-0.557692913614588,-0.215196159576268,Pre-guerra
2015,HRV,Croatia,5,NA,NA,12283.7840620053,1193.37,2.31998692708386,-0.464499004644911,Pre-guerra
2016,HRV,Croatia,5,NA,NA,12820.1653893008,1193.37,3.46646114288178,-1.12500000000002,Pre-guerra
2017,HRV,Croatia,5,NA,NA,13901.7878144679,1193.37,3.28396321643012,1.12937210282347,Pre-guerra
2018,HRV,Croatia,8,883,62,15460.3669595491,1193.37,2.91107593407843,1.50012501041756,Pre-guerra
2019,HRV,Croatia,8,392,54,15563.5987295029,1193.37,3.10152683894853,0.771820346498019,Pre-guerra
2020,HRV,Croatia,8,121,20,14807.5608543265,1193.37,-8.31086401501189,0.154811374562106,Pre-guerra
2021,HRV,Croatia,8,149,10,17788.7865816658,1193.37,12.6322190351024,2.55450699642041,Pre-guerra
2022,HRV,Croatia,19416,40081,5806,18465.5414420364,1193.37,7.29445343642668,10.7805806758686,Post-guerra
2023,HRV,Croatia,23733,39596,2004,22184.2279304842,1193.37,3.76164540703459,7.9412817758683,Post-guerra
2024,HRV,Croatia,27256,69872,2184,24050.4397933135,1193.37,3.82688702890739,2.97200477643618,Post-guerra
2025,HRV,Croatia,26873,76864,2587,NA,1193.37,NA,NA,NA
2010,HUN,Hungary,44,NA,NA,13189.8433874768,896.3701,1.06795068152046,4.85555795691956,NA
2011,HUN,Hungary,44,NA,NA,14211.460557822,896.3701,1.91670916599742,3.9299209893507,NA
2012,HUN,Hungary,41,NA,NA,12950.1594488143,896.3701,-1.33948446518181,5.65214517088646,NA
2013,HUN,Hungary,9,NA,NA,13739.4620151401,896.3701,2.03216990678146,1.73319984983101,NA
2014,HUN,Hungary,10,NA,NA,14352.501883174,896.3701,4.33435364113967,-0.227566270988219,Pre-guerra
2015,HUN,Hungary,17,NA,NA,12782.9412577973,896.3701,3.65981615406955,-0.0616446800641672,Pre-guerra
2016,HUN,Hungary,19,NA,NA,13215.8605277789,896.3701,2.43864141309342,0.394769306686392,Pre-guerra
2017,HUN,Hungary,19,NA,NA,14736.1668157258,896.3701,4.12418389451805,2.34824281150154,Pre-guerra
2018,HUN,Hungary,19,883,62,16605.0570511887,896.3701,5.60613813768876,2.85024792594646,Pre-guerra
2019,HUN,Hungary,15,392,54,17012.8598553199,896.3701,5.07718495088933,3.33858635382008,Pre-guerra
2020,HUN,Hungary,14,121,20,16386.9308821258,896.3701,-4.33872540024058,3.32674385766738,Pre-guerra
2021,HUN,Hungary,13,149,10,19030.628130329,896.3701,7.22291580811137,5.11096534382855,Pre-guerra
2022,HUN,Hungary,29632,40081,5806,18428.028825614,896.3701,4.15238057779229,14.6081439492433,Post-guerra
2023,HUN,Hungary,57401,39596,2004,22230.6277875187,896.3701,-0.817107370513455,17.1249659678737,Post-guerra
2024,HUN,Hungary,62987,69872,2184,23292.3263882478,896.3701,0.560117843140432,3.70370370370369,Post-guerra
2025,HUN,Hungary,63326,76864,2587,NA,896.3701,NA,NA,NA
2010,IRL,Ireland,187,NA,NA,48623.9666422487,2517.525,1.68297175486512,-0.918388645376774,NA
2011,IRL,Ireland,175,NA,NA,52613.8540355689,2517.525,1.60886648916944,2.5489783020855,NA
2012,IRL,Ireland,134,NA,NA,49335.8408099555,2517.525,-0.40502941658977,1.69474116680366,NA
2013,IRL,Ireland,104,NA,NA,52537.6108648692,2517.525,2.1929375750029,0.515099484900573,NA
2014,IRL,Ireland,97,NA,NA,57214.5379785709,2517.525,9.38579335130922,0.190916398713745,Pre-guerra
2015,IRL,Ireland,103,NA,NA,64250.1385181257,2517.525,24.6239856364006,-0.330959783371788,Pre-guerra
2016,IRL,Ireland,108,NA,NA,64129.5571542383,2517.525,1.22271661130947,0.0201247735963237,Pre-guerra
2017,IRL,Ireland,110,NA,NA,72161.4047531385,2517.525,10.1088576065965,0.362173038229378,Pre-guerra
2018,IRL,Ireland,78,883,62,80804.1123164826,2517.525,7.68865937437435,0.471130713712916,Pre-guerra
2019,IRL,Ireland,81,392,54,81827.6688873996,2517.525,4.97288003766816,0.937842961189274,Pre-guerra
2020,IRL,Ireland,85,121,20,86514.0706108754,2517.525,7.15369505735335,-0.326183651280033,Pre-guerra
2021,IRL,Ireland,79,149,10,103783.446284479,2517.525,16.2581881158197,2.34034113447044,Pre-guerra
2022,IRL,Ireland,70578,40081,5806,105190.685952731,2517.525,7.51113888415304,7.82945736434105,Post-guerra
2023,IRL,Ireland,100545,39596,2004,106818.917130804,2517.525,-2.53637409313261,6.29942487419125,Post-guerra
2024,IRL,Ireland,109081,69872,2184,112894.953240805,2517.525,2.59946721553708,2.11344999577317,Post-guerra
2025,IRL,Ireland,112446,76864,2587,NA,2517.525,NA,NA,NA
2010,ITA,Italy,71,NA,NA,35856.8625485539,1674.773,1.52910573247101,1.52551602118248,NA
2011,ITA,Italy,60,NA,NA,38432.3742820019,1674.773,0.695463154440176,2.78063272879323,NA
2012,ITA,Italy,60,NA,NA,34854.3949441965,1674.773,-3.12523877282996,3.04136333226775,NA
2013,ITA,Italy,77,NA,NA,35701.6746002376,1674.773,-1.81802510749792,1.21999342274306,NA
2014,ITA,Italy,236,NA,NA,36028.3494022349,1674.773,-0.00138761730454462,0.241047429826756,Pre-guerra
2015,ITA,Italy,1870,NA,NA,30639.8829751432,1674.773,0.885667635240807,0.0387903996579733,Pre-guerra
2016,ITA,Italy,3720,NA,NA,31391.5692898108,1674.773,1.23622108511661,-0.09401665691575,Pre-guerra
2017,ITA,Italy,4947,NA,NA,32844.115660604,1674.773,1.60369995294101,1.22653316645812,Pre-guerra
2018,ITA,Italy,5861,883,62,34904.1081923834,1674.773,0.826646712344115,1.13748763600391,Pre-guerra
2019,ITA,Italy,6353,392,54,33812.788724868,1674.773,0.429162533780342,0.611246943765304,Pre-guerra
2020,ITA,Italy,2920,121,20,32091.4866621366,1674.773,-8.86822122185345,-0.13770757391651,Pre-guerra
2021,ITA,Italy,3379,149,10,36852.5425414951,1674.773,8.93106210800055,1.87378325762481,Pre-guerra
2022,ITA,Italy,149872,40081,5806,35653.9042103495,1674.773,4.82117669913565,8.20128991161718,Post-guerra
2023,ITA,Italy,164667,39596,2004,39277.0838783918,1674.773,0.975694840127005,5.62219442195901,Post-guerra
2024,ITA,Italy,167780,69872,2184,40385.3413957669,1674.773,0.692676948440536,0.982373023061417,Post-guerra
2025,ITA,Italy,173620,76864,2587,NA,1674.773,NA,NA,NA
2010,LTU,NA,NA,NA,NA,NA,NA,0.427199566550769,1.31921362055463,NA
2011,LTU,NA,NA,NA,NA,NA,NA,6.32363664821298,4.13027562645085,NA
2012,LTU,Lithuania,5,NA,NA,14288.1853493139,590.0546,4.38290584355157,3.08998277055417,NA
2013,LTU,Lithuania,6,NA,NA,15636.525258604799,590.0546,4.04691318575325,1.04747937065344,NA
2014,LTU,Lithuania,34,NA,NA,16446.1647181663,590.0546,3.7725437958099,0.103758009433708,Pre-guerra
2015,LTU,Lithuania,60,NA,NA,14269.8039878287,590.0546,2.83280643343234,-0.884097405500596,Pre-guerra
2016,LTU,Lithuania,61,NA,NA,14934.2702840428,590.0546,2.67192215053329,0.905525075460342,Pre-guerra
2017,LTU,Lithuania,63,NA,NA,16800.1510246099,590.0546,4.61224310312809,3.72288862303707,Pre-guerra
2018,LTU,Lithuania,64,883,62,19247.2315367967,590.0546,4.91836780106811,2.69792779208394,Pre-guerra
2019,LTU,Lithuania,64,392,54,19608.7943945553,590.0546,4.67735183530451,2.33450937988027,Pre-guerra
2020,LTU,Lithuania,64,121,20,20428.6478157394,590.0546,0.0428158336981426,1.19989444983569,Pre-guerra
2021,LTU,Lithuania,64,149,10,23870.4594851722,590.0546,6.38001606179873,4.68354420903453,Pre-guerra
2022,LTU,Lithuania,65175,40081,5806,25085.784063499,590.0546,2.53752574011534,19.7050461518394,Post-guerra
2023,LTU,Lithuania,77340,39596,2004,27786.0057829276,590.0546,0.342262716277261,9.11731962390475,Post-guerra
2024,LTU,Lithuania,50641,69872,2184,29384.0189598663,590.0546,2.77263124530285,0.715735835228723,Post-guerra
2025,LTU,Lithuania,49248,76864,2587,NA,590.0546,NA,NA,NA
2010,LUX,NA,NA,NA,NA,NA,NA,3.76041454320028,2.2736791162154,NA
2011,LUX,NA,NA,NA,NA,NA,NA,1.04429855323325,3.41068341068342,NA
2012,LUX,NA,NA,NA,NA,NA,NA,1.64990212764553,2.66284165508021,NA
2013,LUX,Luxembourg,5,NA,NA,120000.140729859,1736.302,3.17178989968683,1.73403963519162,NA
2014,LUX,Luxembourg,5,NA,NA,123678.702143275,1736.302,2.62308679154881,0.628543985440717,Pre-guerra
2015,LUX,Luxembourg,6,NA,NA,105462.012584423,1736.302,2.26978423302835,0.474743161437779,Pre-guerra
2016,LUX,Luxembourg,6,NA,NA,106899.293549552,1736.302,4.97819011520116,0.290833333333317,Pre-guerra
2017,LUX,Luxembourg,6,NA,NA,110193.213797228,1736.302,1.31718713754285,1.73079959118887,Pre-guerra
2018,LUX,Luxembourg,6,883,62,116926.759593905,1736.302,1.61129561338169,1.5281952430738,Pre-guerra
2019,LUX,Luxembourg,6,392,54,112696.649059674,1736.302,2.74931929072659,1.74332075653848,Pre-guerra
2020,LUX,Luxembourg,5,121,20,116860.02817236,1736.302,-0.510051634039826,0.819957302127036,Pre-guerra
2021,LUX,Luxembourg,5,149,10,134965.815442152,1736.302,6.9297342584233,2.52692009066166,Pre-guerra
2022,LUX,Luxembourg,4500,40081,5806,123719.658915996,1736.302,-1.0974168968152,6.33600807777919,Post-guerra
2023,LUX,Luxembourg,5365,39596,2004,133230.619178899,1736.302,0.0994399943552651,3.74140361983136,Post-guerra
2024,LUX,Luxembourg,3747,69872,2184,137781.681659123,1736.302,0.35861253942069,2.05113269954859,Post-guerra
2025,LUX,Luxembourg,3648,76864,2587,NA,1736.302,NA,NA,NA
2010,LVA,NA,NA,NA,NA,NA,NA,-3.66125859554762,-1.08463595015155,NA
2011,LVA,NA,NA,NA,NA,NA,NA,3.03634482668815,4.37073559939223,NA
2012,LVA,NA,NA,NA,NA,NA,NA,7.30524057200897,2.25778924374585,NA
2013,LVA,NA,NA,NA,NA,NA,NA,2.09609028156248,-0.029454778257828,NA
2014,LVA,Latvia,0,NA,NA,15185.814581236,839.8457,2.0949597710559,0.620490636732421,Pre-guerra
2015,LVA,Latvia,0,NA,NA,13321.9753140616,839.8457,3.78336712084972,0.174242243625186,Pre-guerra
2016,LVA,NA,NA,NA,NA,NA,NA,2.55168601974034,0.140633334505327,Pre-guerra
2017,LVA,NA,NA,NA,NA,NA,NA,3.39894872623931,2.93036312374665,Pre-guerra
2018,LVA,NA,NA,NA,NA,NA,NA,4.30971286294503,2.53445424186598,Pre-guerra
2019,LVA,NA,NA,NA,NA,NA,NA,0.675372771884227,2.81140920075624,Pre-guerra
2020,LVA,NA,NA,NA,NA,NA,NA,-3.46922750780554,0.219064904841985,Pre-guerra
2021,LVA,Latvia,0,149,10,20261.8887788916,839.8457,6.94254173062592,3.27582937431165,Pre-guerra
2022,LVA,Latvia,37800,40081,5806,20221.103686109,839.8457,1.90853419029801,17.3102830198815,Post-guerra
2023,LVA,Latvia,44307,39596,2004,22710.2637544197,839.8457,-0.941606068823631,8.9380462331663,Post-guerra
2024,LVA,Latvia,47687,69872,2184,23409.0845154775,839.8457,-0.0461080109713521,1.26579885828729,Post-guerra
2025,LVA,Latvia,31661,76864,2587,NA,839.8457,NA,NA,NA
2010,MDA,Rep. of Moldova,0,NA,NA,2436.79935102421,399.4606,7.10000010705836,7.48385086350851,NA
2011,MDA,NA,NA,NA,NA,NA,NA,5.81816614684824,7.6872510335619,NA
2012,MDA,NA,NA,NA,NA,NA,NA,-0.589733954762579,4.54633427355302,NA
2013,MDA,NA,NA,NA,NA,NA,NA,9.0438656074181,4.59787897363127,NA
2014,MDA,Rep. of Moldova,17,NA,NA,3289.95758568777,399.4606,4.99962585407656,5.08878554625869,Pre-guerra
2015,MDA,Rep. of Moldova,102,NA,NA,2749.55137054338,399.4606,-0.338235622387202,9.67624033101859,Pre-guerra
2016,MDA,Rep. of Moldova,74,NA,NA,2847.08794770479,399.4606,4.64601436259409,6.35930898037931,Pre-guerra
2017,MDA,Rep. of Moldova,60,NA,NA,3453.26727720294,399.4606,4.17561205106279,6.57022997455611,Pre-guerra
2018,MDA,Rep. of Moldova,58,883,62,4156.44981956646,399.4606,4.07559546585034,3.04505397337071,Pre-guerra
2019,MDA,Rep. of Moldova,53,392,54,4405.33418162155,399.4606,3.5523140853476,4.83778351428728,Pre-guerra
2020,MDA,Rep. of Moldova,33,121,20,4375.7788930524,399.4606,-8.27597831976949,3.76597122245351,Pre-guerra
2021,MDA,Rep. of Moldova,18,149,10,5274.60582195352,399.4606,13.9299997889786,5.10641129002835,Pre-guerra
2022,MDA,Rep. of Moldova,98910,40081,5806,5744.29618434435,399.4606,-4.6000000255323,28.7372976766235,Post-guerra
2023,MDA,Rep. of Moldova,120564,39596,2004,6799.58594644576,399.4606,1.2000000493378,13.4170104381299,Post-guerra
2024,MDA,Rep. of Moldova,135486,69872,2184,7576.19589413326,399.4606,0.103059364371205,4.67773516007052,Post-guerra
2025,MDA,Rep. of Moldova,132775,76864,2587,NA,399.4606,NA,NA,NA
2010,MLT,NA,NA,NA,NA,NA,NA,6.19735041110465,1.51563513618532,NA
2011,MLT,NA,NA,NA,NA,NA,NA,0.99220191192282,2.9629852819288,NA
2012,MLT,NA,NA,NA,NA,NA,NA,4.10167392241412,2.37582057760386,NA
2013,MLT,NA,NA,NA,NA,NA,NA,6.29233375866998,1.1802843636655,NA
2014,MLT,Malta,27,NA,NA,27424.5765646694,2062.274,7.63136360845897,0.310306472181665,Pre-guerra
2015,MLT,Malta,78,NA,NA,25529.6813337717,2062.274,9.62070315764963,1.10054826378929,Pre-guerra
2016,MLT,Malta,109,NA,NA,26459.0770929988,2062.274,4.07800355932196,0.642702771527304,Pre-guerra
2017,MLT,Malta,120,NA,NA,30317.2443175543,2062.274,12.9713424962459,1.36435448150708,Pre-guerra
2018,MLT,Malta,136,883,62,33382.2677499267,2062.274,7.18921479603796,1.15782362451517,Pre-guerra
2019,MLT,Malta,142,392,54,32421.9179752262,2062.274,4.08505582134097,1.6420600176894,Pre-guerra
2020,MLT,Malta,141,121,20,31823.4363934505,2062.274,-3.45728276294712,0.638544956776712,Pre-guerra
2021,MLT,Malta,142,149,10,38096.8360735119,2062.274,13.4117042939322,1.49789217934724,Pre-guerra
2022,MLT,Malta,1765,40081,5806,35638.8869457406,2062.274,2.48309993837792,6.15375621933037,Post-guerra
2023,MLT,Malta,2192,39596,2004,40905.8059585057,2062.274,10.6215185022616,5.09396758978883,Post-guerra
2024,MLT,Malta,2591,69872,2184,43898.5781808597,2062.274,6.79990300224401,1.65079469283109,Post-guerra
2025,MLT,Malta,2335,76864,2587,NA,2062.274,NA,NA,NA
2010,NLD,Netherlands (Kingdom of the),124,NA,NA,51305.7338533973,1781.716,1.31932032302214,1.27530569556679,NA
2011,NLD,Netherlands (Kingdom of the),103,NA,NA,54701.7728030611,1781.716,1.77334516269423,2.34107017751373,NA
2012,NLD,Netherlands (Kingdom of the),74,NA,NA,50473.9442002689,1781.716,-0.977876877747732,2.45554765291614,NA
2013,NLD,Netherlands (Kingdom of the),63,NA,NA,52602.2860520766,1781.716,-0.0302325600539604,2.50689852657875,NA
2014,NLD,Netherlands (Kingdom of the),52,NA,NA,53457.2234864322,1781.716,1.61261001294011,0.976035079699679,Pre-guerra
2015,NLD,Netherlands (Kingdom of the),39,NA,NA,45793.8135434697,1781.716,2.12060523860846,0.600248147278776,Pre-guerra
2016,NLD,Netherlands (Kingdom of the),32,NA,NA,46808.5291492503,1781.716,2.42428572955482,0.316666666666652,Pre-guerra
2017,NLD,Netherlands (Kingdom of the),23,NA,NA,49513.6817346384,1781.716,2.78154619309936,1.38145871407216,Pre-guerra
2018,NLD,Netherlands (Kingdom of the),23,883,62,53955.0770024266,1781.716,2.2587403735731,1.70349794744479,Pre-guerra
2019,NLD,Netherlands (Kingdom of the),20,392,54,53554.9007491475,1781.716,2.30009157916757,2.63369910249591,Pre-guerra
2020,NLD,Netherlands (Kingdom of the),21,121,20,53467.9277413737,1781.716,-3.86795333823223,1.27246037789161,Pre-guerra
2021,NLD,Netherlands (Kingdom of the),34,149,10,60141.9880911492,1781.716,6.2768306708326,2.67572008805385,Pre-guerra
2022,NLD,Netherlands (Kingdom of the),102643,40081,5806,59123.318556487,1781.716,5.00723455159611,10.0012078753473,Post-guerra
2023,NLD,Netherlands (Kingdom of the),105338,39596,2004,63515.6030780019,1781.716,-0.598096167209832,3.83839354342808,Post-guerra
2024,NLD,Netherlands (Kingdom of the),118974,69872,2184,67520.4218956281,1781.716,1.08100584845663,3.34754304219953,Post-guerra
2025,NLD,Netherlands (Kingdom of the),123542,76864,2587,NA,1781.716,NA,NA,NA
2010,NOR,Norway,70,NA,NA,88163.2085931423,1630.325,0.787051861494078,2.41890639481003,NA
2011,NOR,Norway,12,NA,NA,101221.813476644,1630.325,1.10565603382983,1.2849515880916,NA
2012,NOR,Norway,5,NA,NA,102175.919298374,1630.325,2.71795924894734,0.696864111498263,NA
2013,NOR,Norway,9,NA,NA,103553.840134417,1630.325,1.01619084044641,2.12048620353112,NA
2014,NOR,Norway,8,NA,NA,97666.6951838749,1630.325,2.04813200438943,2.04170286707211,Pre-guerra
2015,NOR,Norway,0,NA,NA,74809.9658049898,1630.325,1.85733971623901,2.17113665389527,Pre-guerra
2016,NOR,Norway,9,NA,NA,70867.3609970749,1630.325,1.16472423928819,3.55000000000007,Pre-guerra
2017,NOR,Norway,9,NA,NA,76131.8384032764,1630.325,2.46374626574153,1.87510059552545,Pre-guerra
2018,NOR,Norway,10,883,62,82792.8427113304,1630.325,0.828931500516902,2.76483134528797,Pre-guerra
2019,NOR,Norway,10,392,54,76430.5889473338,1630.325,1.12374694968757,2.16773003305411,Pre-guerra
2020,NOR,Norway,10,121,20,68340.0181033702,1630.325,-1.27817177234034,1.28658490707996,Pre-guerra
2021,NOR,Norway,13,149,10,93072.8925119571,1630.325,3.90868676830634,3.48388055266669,Pre-guerra
2022,NOR,Norway,33243,40081,5806,109269.520580298,1630.325,3.24622860260932,5.76412317852272,Post-guerra
2023,NOR,Norway,66450,39596,2004,87497.2179649556,1630.325,0.0721204806030329,5.51784987104659,Post-guerra
2024,NOR,Norway,79112,69872,2184,86785.4334489176,1630.325,2.09723059960317,3.14530134431081,Post-guerra
2025,NOR,Norway,79577,76864,2587,NA,1630.325,NA,NA,NA
2010,POL,Poland,20,NA,NA,12567.7317676382,690.8161,3.16892748258036,2.58069370250548,NA
2011,POL,Poland,25,NA,NA,13867.6669408192,690.8161,5.25546256612796,4.23940149625932,NA
2012,POL,Poland,25,NA,NA,13087.420943321,690.8161,1.51178167644575,3.56037151702793,NA
2013,POL,Poland,39,NA,NA,13621.9023794031,690.8161,0.684240607051805,0.991982606332335,NA
2014,POL,Poland,35,NA,NA,14262.2841914116,690.8161,3.92050862390032,0.0538213132399802,Pre-guerra
2015,POL,Poland,41,NA,NA,12637.5220324406,690.8161,4.43176700264478,-0.874125874125862,Pre-guerra
2016,POL,Poland,114,NA,NA,12464.0110508476,690.8161,3.03117767594847,-0.664767331433962,Pre-guerra
2017,POL,Poland,369,NA,NA,13913.3402919927,690.8161,5.15245773325907,2.07593553673859,Pre-guerra
2018,POL,Poland,464,883,62,15658.2120316794,690.8161,6.2458584723942,1.81295156542689,Pre-guerra
2019,POL,Poland,485,392,54,15874.5220531254,690.8161,4.58045817256199,2.22747880938291,Pre-guerra
2020,POL,Poland,416,121,20,16150.9304813473,690.8161,-2.03556882399977,3.37446972618589,Pre-guerra
2021,POL,Poland,422,149,10,18635.5104895754,690.8161,6.92718266052501,5.05502704719272,Pre-guerra
2022,POL,Poland,958147,40081,5806,18891.2121169279,690.8161,5.25545697386036,14.4294507575758,Post-guerra
2023,POL,Poland,955891,39596,2004,22145.2660647429,690.8161,0.249610834017872,11.5289127961105,Post-guerra
2024,POL,Poland,991223,69872,2184,25103.565661423,690.8161,3.02841630700273,3.79060897630197,Post-guerra
2025,POL,Poland,995247,76864,2587,NA,690.8161,NA,NA,NA
2010,PRT,NA,NA,NA,NA,NA,NA,1.73762453640036,1.40257289895369,NA
2011,PRT,Portugal,0,NA,NA,23246.5425416481,3351.661,-1.71352745905065,3.65301100430724,NA
2012,PRT,Portugal,0,NA,NA,20593.4274224109,3351.661,-4.05090267621935,2.77333854051586,NA
2013,PRT,Portugal,0,NA,NA,21676.4859642714,3351.661,-0.984106574148328,0.274416666666663,NA
2014,PRT,Portugal,16,NA,NA,22120.6850127107,3351.661,0.741391420706506,-0.278153367467428,Pre-guerra
2015,PRT,Portugal,134,NA,NA,19215.7813014347,3351.661,1.58979803702681,0.48793862390472,Pre-guerra
2016,PRT,Portugal,328,NA,NA,19980.2808866516,3351.661,2.00414129666575,0.607397074641719,Pre-guerra
2017,PRT,Portugal,373,NA,NA,21442.3842768879,3351.661,3.31472008175986,1.36861411643472,Pre-guerra
2018,PRT,Portugal,423,883,62,23541.1401075289,3351.661,2.94628343449202,0.993715683468326,Pre-guerra
2019,PRT,Portugal,436,392,54,23343.3628970034,3351.661,2.74568432648596,0.338178410046034,Pre-guerra
2020,PRT,Portugal,443,121,20,22299.4044062173,3351.661,-8.20463159324387,-0.0124383299575305,Pre-guerra
2021,PRT,Portugal,447,149,10,24711.4510062111,3351.661,5.55875672070374,1.26565719069044,Pre-guerra
2022,PRT,Portugal,44960,40081,5806,24620.5197587181,3351.661,6.98584137580278,7.83269124233323,Post-guerra
2023,PRT,Portugal,51566,39596,2004,27634.6183139773,3351.661,3.09997909018263,4.31128191898672,Post-guerra
2024,PRT,Portugal,57141,69872,2184,29292.242104753,3351.661,2.13967177177636,2.41613187791884,Post-guerra
2025,PRT,Portugal,55872,76864,2587,NA,3351.661,NA,NA,NA
2010,ROU,Romania,0,NA,NA,8399.5374234284,NA,-3.90581157302972,6.09141668601891,NA
2011,ROU,Romania,0,NA,NA,9560.6755277458,NA,4.49558909946313,5.7892532881588,NA
2012,ROU,NA,NA,NA,NA,NA,NA,1.90361696799603,3.33492267693442,NA
2013,ROU,NA,NA,NA,NA,NA,NA,0.278771877470234,3.9847123554813,NA
2014,ROU,Romania,13,NA,NA,10031.7710755404,NA,4.11600109267832,1.06830987684298,Pre-guerra
2015,ROU,Romania,37,NA,NA,8977.01748158196,NA,3.1570360543854,-0.594156437495203,Pre-guerra
2016,ROU,Romania,39,NA,NA,9404.54005870715,NA,2.85993252302089,-1.54479666813897,Pre-guerra
2017,ROU,Romania,37,NA,NA,10727.9822007426,NA,8.19547826641261,1.3390212110439,Pre-guerra
2018,ROU,Romania,28,883,62,12416.134317959,NA,5.39452228185675,4.62548443137779,Pre-guerra
2019,ROU,Romania,22,392,54,12909.6104013244,NA,3.96028958497598,3.82785432599438,Pre-guerra
2020,ROU,Romania,20,121,20,13009.1770573223,NA,-3.59802546034757,2.63107311184743,Pre-guerra
2021,ROU,Romania,17,149,10,14907.9803652143,NA,5.58735072538869,5.05232876096582,Pre-guerra
2022,ROU,Romania,100086,40081,5806,15503.551804598,NA,4.18771305104109,13.7954887432521,Post-guerra
2023,ROU,Romania,81493,39596,2004,18244.4186876321,NA,2.25773416555121,10.3971874764996,Post-guerra
2024,ROU,Romania,177996,69872,2184,20080.2096215595,NA,0.916003764382594,5.72140574354439,Post-guerra
2025,ROU,Romania,186040,76864,2587,NA,NA,NA,NA,NA
2010,SVK,Slovakia,17,NA,NA,16899.448680529,998.2211,6.79058159142423,0.957018132975143,NA
2011,SVK,Slovakia,17,NA,NA,18469.4354316836,998.2211,2.56242473215553,3.9192859914629,NA
2012,SVK,Slovakia,17,NA,NA,17516.9691054078,998.2211,1.56917104702706,3.6061026352289,NA
2013,SVK,Slovakia,17,NA,NA,18312.7805149823,998.2211,0.703323545247201,1.40047368963025,NA
2014,SVK,Slovakia,17,NA,NA,18770.9289896545,998.2211,2.70795151449488,-0.0761653295419871,Pre-guerra
2015,SVK,Slovakia,18,NA,NA,16442.0760860018,998.2211,5.17687909722133,-0.325219777427673,Pre-guerra
2016,SVK,Slovakia,21,NA,NA,16636.0769133073,998.2211,1.94781841524558,-0.520010196278266,Pre-guerra
2017,SVK,Slovakia,23,NA,NA,17645.5298716761,998.2211,2.87473327453695,1.31194588223228,Pre-guerra
2018,SVK,Slovakia,23,883,62,19573.3717031314,998.2211,4.06211981896483,2.51403712883812,Pre-guerra
2019,SVK,Slovakia,24,392,54,19406.0589683582,998.2211,2.27589910019393,2.66456133425431,Pre-guerra
2020,SVK,Slovakia,24,121,20,19735.4858280801,998.2211,-2.58551241733207,1.93694126694223,Pre-guerra
2021,SVK,Slovakia,24,149,10,22123.3342114545,998.2211,5.6558588065555,3.14960629921268,Pre-guerra
2022,SVK,Slovakia,94858,40081,5806,21317.7943982363,998.2211,0.544591632137454,12.7741463637611,Post-guerra
2023,SVK,Slovakia,124962,39596,2004,24614.8734642794,998.2211,2.11263633214959,10.5319476645211,Post-guerra
2024,SVK,Slovakia,142172,69872,2184,25992.6748502048,998.2211,1.93867445549446,2.75760909424272,Post-guerra
2025,SVK,Slovakia,143836,76864,2587,NA,998.2211,NA,NA,NA
2010,SVN,NA,NA,NA,NA,NA,NA,1.11213719306735,1.80117022137134,NA
2011,SVN,NA,NA,NA,NA,NA,NA,0.655438128379743,1.8028517194191,NA
2012,SVN,NA,NA,NA,NA,NA,NA,-2.91553782040462,2.59741386039003,NA
2013,SVN,NA,NA,NA,NA,NA,NA,-0.823776417691676,1.76920085881907,NA
2014,SVN,Slovenia,0,NA,NA,24013.0682060959,1277.754,2.76283327639742,0.19934382657075,Pre-guerra
2015,SVN,NA,NA,NA,NA,NA,NA,2.39330621338168,-0.525552285820877,Pre-guerra
2016,SVN,NA,NA,NA,NA,NA,NA,3.03441486663654,-0.054999541670474,Pre-guerra
2017,SVN,Slovenia,5,NA,NA,23303.077705959,1277.754,5.17440215579958,1.42910743319306,Pre-guerra
2018,SVN,Slovenia,5,883,62,25888.0481065655,1277.754,4.37908347331195,1.7386086198818,Pre-guerra
2019,SVN,Slovenia,5,392,54,25814.1687167572,1277.754,3.50525332381912,1.63052260754344,Pre-guerra
2020,SVN,Slovenia,5,121,20,25392.0651093612,1277.754,-4.08500094942896,-0.05485681576061,Pre-guerra
2021,SVN,Slovenia,5,149,10,29192.8401933019,1277.754,8.41686457725321,1.91706506089259,Pre-guerra
2022,SVN,Slovenia,7748,40081,5806,28360.3041467268,1277.754,2.66850555542486,8.83369886749452,Post-guerra
2023,SVN,Slovenia,9467,39596,2004,32660.4753581346,1277.754,2.3758326648385,7.44687717385838,Post-guerra
2024,SVN,Slovenia,11296,69872,2184,34301.0318686594,1277.754,1.73139722479493,1.96562656432512,Post-guerra
2025,SVN,Slovenia,10620,76864,2587,NA,1277.754,NA,NA,NA
2010,SWE,Sweden,140,NA,NA,52542.5759090299,1267.46,5.75076477579255,1.15798802715626,NA
2011,SWE,Sweden,118,NA,NA,60379.4814599322,1267.46,3.16388567406926,2.9611507382214,NA
2012,SWE,Sweden,111,NA,NA,57749.5615420853,1267.46,-0.414397702454409,0.888377506923735,NA
2013,SWE,Sweden,107,NA,NA,60843.9888799369,1267.46,1.13766671801426,-0.044292970148682,NA
2014,SWE,Sweden,114,NA,NA,59583.4584491714,1267.46,2.29577238758284,-0.179638494114635,Pre-guerra
2015,SWE,Sweden,133,NA,NA,51188.1652120493,1267.46,4.38824673608589,-0.0467847449832812,Pre-guerra
2016,SWE,Sweden,203,NA,NA,51703.5088332851,1267.46,2.13117914731151,0.984269244577992,Pre-guerra
2017,SWE,Sweden,208,NA,NA,53210.2233318965,1267.46,1.88282184966646,1.79449904665599,Pre-guerra
2018,SWE,Sweden,215,883,62,54018.4554391861,1267.46,1.7702553546772,1.95353530127028,Pre-guerra
2019,SWE,Sweden,223,392,54,51648.9892820514,1267.46,2.60823012869524,1.78415097403835,Pre-guerra
2020,SWE,Sweden,232,121,20,52568.5726980146,1267.46,-1.93379704032216,0.497367318853572,Pre-guerra
2021,SWE,Sweden,226,149,10,60647.5416365347,1267.46,5.2258643028773,2.16319736447143,Pre-guerra
2022,SWE,Sweden,46857,40081,5806,54836.8907235124,1267.46,1.25543620445816,8.36929098869189,Post-guerra
2023,SWE,Sweden,43467,39596,2004,54950.2834725622,1267.46,-0.204061304891439,8.5486248974891,Post-guerra
2024,SWE,Sweden,45993,69872,2184,57117.4877440616,1267.46,0.820071806703865,2.83581658224034,Post-guerra
2025,SWE,Sweden,44075,76864,2587,NA,1267.46,NA,NA,NA
2010,UKR,NA,NA,NA,NA,NA,NA,4.09200436668087,9.37293105078978,NA
2011,UKR,NA,NA,NA,NA,NA,NA,5.44528081048476,7.95572466274652,NA
2012,UKR,NA,NA,NA,NA,NA,NA,0.152314967200653,0.568727971803862,NA
2013,UKR,NA,NA,NA,NA,NA,NA,0.045439094492707,-0.238948626045407,NA
2014,UKR,NA,NA,NA,NA,NA,NA,-10.0788949840953,12.0718562874251,Pre-guerra
2015,UKR,NA,NA,NA,NA,NA,NA,-9.7729872128676,48.6998646434424,Pre-guerra
2016,UKR,NA,NA,NA,NA,NA,NA,2.44098194492067,13.9127101997797,Pre-guerra
2017,UKR,NA,NA,NA,NA,NA,NA,2.35997228099491,14.4383227488749,Pre-guerra
2018,UKR,NA,NA,NA,NA,NA,NA,3.48836234022659,10.9518559353178,Pre-guerra
2019,UKR,NA,NA,NA,NA,NA,NA,3.19950386354134,7.88671745611133,Pre-guerra
2020,UKR,NA,NA,NA,NA,NA,NA,-3.75281793983162,2.73249209419427,Pre-guerra
2021,UKR,NA,NA,NA,NA,NA,NA,3.44562065945944,9.36313917695223,Pre-guerra
2022,UKR,NA,NA,NA,NA,NA,NA,-28.7585842155085,20.1836366617478,Post-guerra
2023,UKR,NA,NA,NA,NA,NA,NA,5.53473354963334,12.8490222828559,Post-guerra
2024,UKR,NA,NA,NA,NA,NA,NA,2.9138222142611,6.50198464669254,Post-guerra
